<?xml version="1.0" encoding="UTF-8"?>
<project-private xmlns="http://www.netbeans.org/ns/project-private/1">
    <editor-bookmarks xmlns="http://www.netbeans.org/ns/editor-bookmarks/2" lastBookmarkId="0"/>
    <open-files xmlns="http://www.netbeans.org/ns/projectui-open-files/2">
        <group>
            <file>file:/C:/Users/dimk2/Desktop/EE3/PIC_Assignment_Dimitrios_Kyranos.X/mcc_generated_files/timer/src/tmr0.c</file>
            <file>file:/C:/Users/dimk2/Desktop/EE3/PIC_Assignment_Dimitrios_Kyranos.X/mcc_generated_files/spi/src/spi1.c</file>
            <file>file:/C:/Users/dimk2/Desktop/EE3/PIC_Assignment_Dimitrios_Kyranos.X/mcc_generated_files/system/src/system.c</file>
            <file>file:/C:/Users/dimk2/Desktop/EE3/PIC_Assignment_Dimitrios_Kyranos.X/Makefile</file>
            <file>file:/C:/Users/dimk2/Desktop/EE3/PIC_Assignment_Dimitrios_Kyranos.X/main.c</file>
            <file>file:/C:/Users/dimk2/Desktop/EE3/PIC_Assignment_Dimitrios_Kyranos.X/mcc_generated_files/system/src/pins.c</file>
        </group>
    </open-files>
</project-private>
