<?xml version="1.0" encoding="UTF-8"?>
<project-private xmlns="http://www.netbeans.org/ns/project-private/1">
    <editor-bookmarks xmlns="http://www.netbeans.org/ns/editor-bookmarks/2" lastBookmarkId="0"/>
    <open-files xmlns="http://www.netbeans.org/ns/projectui-open-files/2">
        <group>
            <file>file:/C:/Users/dimk2/Desktop/EE3/PIC18F%20Code/PIC_Completedv2.X/mcc_generated_files/timer/src/tmr0.c</file>
            <file>file:/C:/Users/dimk2/Desktop/EE3/PIC18F%20Code/PIC_Completedv2.X/mcc_generated_files/timer/tmr0.h</file>
            <file>file:/C:/Users/dimk2/Desktop/EE3/PIC18F%20Code/PIC_Completedv2.X/mcc_generated_files/system/system.h</file>
            <file>file:/C:/Users/dimk2/Desktop/EE3/PIC18F%20Code/PIC_Completedv2.X/main.c</file>
        </group>
    </open-files>
</project-private>
